[
    {
        "pk": 1, 
        "model": "sites.site", 
        "fields": {
            "domain": "ureport.unicefburundi.org", 
            "name": "ureport.unicefburundi.org"
        }
    },
    {
        "pk": 1, 
        "model": "auth.group", 
        "fields": {
            "name": "Red Cross", 
            "permissions": []
        }
    }, 
    {
        "pk": 2, 
        "model": "auth.group", 
        "fields": {
            "name": "Other Reporters", 
            "permissions": []
        }
    }, 
    {
        "pk": 3, 
        "model": "auth.group", 
        "fields": {
            "name": "Guides", 
            "permissions": []
        }
    }, 
    {
        "pk": 4, 
        "model": "auth.group", 
        "fields": {
            "name": "Scouts", 
            "permissions": []
        }
    }, 
    {
        "pk": 5, 
        "model": "auth.group", 
        "fields": {
            "name": "admins", 
            "permissions": []
        }
    },
    {
        "pk": 1, 
        "model": "ureport.autoreggrouprules", 
        "fields": {
            "values": "Red Cross,Redcross,Croix-Rouge,Croix Rouge", 
            "group": 1
        }
    }, 
    {
        "pk": 2, 
        "model": "ureport.autoreggrouprules", 
        "fields": {
            "values": "Other Reporters", 
            "group": 2
        }
    }, 
    {
        "pk": 3, 
        "model": "ureport.autoreggrouprules", 
        "fields": {
            "values": "Guides", 
            "group": 3
        }
    }, 
    {
        "pk": 4, 
        "model": "ureport.autoreggrouprules", 
        "fields": {
            "values": "Scouts", 
            "group": 4
        }
    },
    {
        "pk": 3, 
        "model": "eav.attribute", 
        "fields": {
            "description": "A response value for a Poll with expected location-based responses", 
            "created": "2011-08-03T11:17:02", 
            "datatype": "object", 
            "enum_group": null, 
            "required": false, 
            "site": 1, 
            "modified": "2011-08-03T11:17:02", 
            "type": null, 
            "slug": "poll_location_value", 
            "name": "Location"
        }
    }, 
    {
        "pk": 4, 
        "model": "eav.attribute", 
        "fields": {
            "description": "The location associated with a particular contact", 
            "created": "2011-08-03T11:17:02", 
            "datatype": "object", 
            "enum_group": null, 
            "required": false, 
            "site": 1, 
            "modified": "2011-08-03T11:17:02", 
            "type": null, 
            "slug": "contact_location", 
            "name": "Location"
        }
    }, 
    {
        "pk": 1, 
        "model": "eav.attribute", 
        "fields": {
            "description": "A response value for a Poll with expected numeric responses", 
            "created": "2011-08-03T11:17:01", 
            "datatype": "float", 
            "enum_group": null, 
            "required": false, 
            "site": 1, 
            "modified": "2011-08-03T11:17:02", 
            "type": null, 
            "slug": "poll_number_value", 
            "name": "Number"
        }
    }, 
    {
        "pk": 2, 
        "model": "eav.attribute", 
        "fields": {
            "description": "A response value for a Poll with expected text responses", 
            "created": "2011-08-03T11:17:02", 
            "datatype": "text", 
            "enum_group": null, 
            "required": false, 
            "site": 1, 
            "modified": "2011-08-03T11:17:02", 
            "type": null, 
            "slug": "poll_text_value", 
            "name": "Text"
        }
    },
    {
        "pk": 561, 
        "model": "poll.poll", 
        "fields": {
            "default_response": "", 
            "name": "reporter_gender_en", 
            "end_date": null, 
            "contacts": [], 
            "messages": [], 
            "question": "Are you male or female? Type F for 'female' and M for 'male'", 
            "sites": [
                1
            ], 
            "user": 1, 
            "type": "t", 
            "start_date": null, 
            "response_type": "a"
        }
    }, 
    {
        "pk": 556, 
        "model": "poll.poll", 
        "fields": {
            "default_response": "", 
            "name": "reporter_group_en", 
            "end_date": null, 
            "contacts": [], 
            "messages": [], 
            "question": "Do you belong to a volunteer organization? Please type \u2018YES\u2019 or \u2018NO\u2019 and the name of the organization ONLY.", 
            "sites": [
                1
            ], 
            "user": 1, 
            "type": "t", 
            "start_date": null, 
            "response_type": "a"
        }
    }, 
    {
        "pk": 557, 
        "model": "poll.poll", 
        "fields": {
            "default_response": "", 
            "name": "reporter_reporting_location_en", 
            "end_date": null, 
            "contacts": [], 
            "messages": [], 
            "question": "Tell us where you'll be reporting from so we can work together to try resolve issues of your community! Reply with the name of your province ONLY.", 
            "sites": [
                1
            ], 
            "user": 1, 
            "type": "l", 
            "start_date": null, 
            "response_type": "a"
        }
    }, 
    {
        "pk": 558, 
        "model": "poll.poll", 
        "fields": {
            "default_response": "", 
            "name": "reporter_colline_en", 
            "end_date": null, 
            "contacts": [], 
            "messages": [], 
            "question": "From which colline will you be reporting? Please respond ONLY with the name of your colline.", 
            "sites": [
                1
            ], 
            "user": 1, 
            "type": "l", 
            "start_date": null, 
            "response_type": "a"
        }
    }, 
    {
        "pk": 559, 
        "model": "poll.poll", 
        "fields": {
            "default_response": "", 
            "name": "reporter_name_en", 
            "end_date": null, 
            "contacts": [], 
            "messages": [], 
            "question": "What is your name or nickname? User profiles help us make sense of the data that we receive.  Your name will not be revealed without your permission.", 
            "sites": [
                1
            ], 
            "user": 1, 
            "type": "t", 
            "start_date": null, 
            "response_type": "a"
        }
    }, 
    {
        "pk": 560, 
        "model": "poll.poll", 
        "fields": {
            "default_response": "", 
            "name": "reporter_age_en", 
            "end_date": null, 
            "contacts": [], 
            "messages": [], 
            "question": "What is your age?", 
            "sites": [
                1
            ], 
            "user": 1, 
            "type": "n", 
            "start_date": null, 
            "response_type": "a"
        }
    }, 
    {
        "pk": 268, 
        "model": "poll.category", 
        "fields": {
            "error_category": false, 
            "name": "female", 
            "color": "", 
            "priority": null, 
            "default": false, 
            "poll": 561, 
            "response": null
        }
    }, 
    {
        "pk": 267, 
        "model": "poll.category", 
        "fields": {
            "error_category": false, 
            "name": "male", 
            "color": "", 
            "priority": null, 
            "default": false, 
            "poll": 561, 
            "response": null
        }
    }, 
    {
        "pk": 260, 
        "model": "poll.rule", 
        "fields": {
            "regex": "^\\s*(m|mal|male|ma|mas|masculin|umugabo|ga|gabo|gab)(\\s|[^a-zA-Z]|$)", 
            "category": 267, 
            "rule_string": "m|mal|male|ma|mas|masculin|umugabo|ga|gabo|gab", 
            "rule": null, 
            "rule_type": "r"
        }
    }, 
    {
        "pk": 261, 
        "model": "poll.rule", 
        "fields": {
            "regex": "^\\s*(f|fem|female|fe|f\u00e9mf\u00e9minin|f\u00e9|umugore|gore|go|gor)(\\s|[^a-zA-Z]|$)", 
            "category": 268, 
            "rule_string": "f|fem|female|fe|f\u00e9mf\u00e9minin|f\u00e9|umugore|gore|go|gor", 
            "rule": null, 
            "rule_type": "r"
        }
    }, 
    {
        "pk": 118, 
        "model": "poll.translation", 
        "fields": {
            "field": "Welcome to Ureport Burundi, where you can SHARE and RECEIVE information about what is happening in your community. It\u2019s FREE!", 
            "value": "Bienvenue dans Ureport/Burundi, ou tu peux PARTAGER et RECEVOIR l'information sur ce qui se passe dans ta communaut\u00e9, C'est GRATUIT!", 
            "language": "fr"
        }
    }, 
    {
        "pk": 119, 
        "model": "poll.translation", 
        "fields": {
            "field": "Do you belong to a volunteer organization? Please type \u2018YES\u2019 or \u2018NO\u2019 and the name of the organization ONLY.", 
            "value": "Appartiens-tu \u00e0 une Organisation de volontaires? S'il te pla\u00eet r\u00e9ponds par oui ou non et le nom de l'organisation SEULEMENT", 
            "language": "fr"
        }
    }, 
    {
        "pk": 120, 
        "model": "poll.translation", 
        "fields": {
            "field": "Tell us where you'll be reporting from so we can work together to try resolve issues of your community! Reply with the name of your province ONLY.", 
            "value": "Dis nous de quelle localit\u00e9 tu rapportes afin de travailler ensemble pour r\u00e9soudre les d\u00e9fis de ta communaut\u00e9! R\u00e9ponds avec le nom de ta province!", 
            "language": "fr"
        }
    }, 
    {
        "pk": 121, 
        "model": "poll.translation", 
        "fields": {
            "field": "From which colline will you be reporting? Please respond ONLY with the name of your colline.", 
            "value": "De quelle colline rapporteras-tu? S'il te plait r\u00e9ponds SEULEMENT avec le nom de ta colline. ", 
            "language": "fr"
        }
    }, 
    {
        "pk": 122, 
        "model": "poll.translation", 
        "fields": {
            "field": "UReport is a FREE text messaging service sponsored by UNICEF and other partners.", 
            "value": "UReport est un service GRATUIT de messagerie sponsoris\u00e9e par l'UNICEF et d'autres partenaires.", 
            "language": "fr"
        }
    }, 
    {
        "pk": 123, 
        "model": "poll.translation", 
        "fields": {
            "field": "What is your name or nickname? User profiles help us make sense of the data that we receive.  Your name will not be revealed without your permission.", 
            "value": "Quel est ton nom? Ton profil aide a donner un sens  aux donn\u00e9es re\u00e7ues . Ton nom ne sera pas r\u00e9v\u00e9l\u00e9 sans ta permission et tu peux utiliser un surnom.", 
            "language": "fr"
        }
    }, 
    {
        "pk": 124, 
        "model": "poll.translation", 
        "fields": {
            "field": "What is your age?", 
            "value": "Quel est ton \u00e2ge?", 
            "language": "fr"
        }
    }, 
    {
        "pk": 125, 
        "model": "poll.translation", 
        "fields": {
            "field": "Are you male or female? Type F for 'female' and M for 'male'", 
            "value": "Es-tu de sexe masculin ou f\u00e9minin? \u00c9cris F pour f\u00e9minin et M pour masculin", 
            "language": "fr"
        }
    }, 
    {
        "pk": 126, 
        "model": "poll.translation", 
        "fields": {
            "field": "CONGRATULATIONS!! You are now  registered as a UReporter! Make a real difference with Ureport Burundi, Speak up and be heard! From UNICEF", 
            "value": "FELICITATIONS!! Tu es maintenant enregistr\u00e9 comme un Ureporter. Fais une vraie diff\u00e9rence avec Ureport Burundi! Parles et soit \u00e9cout\u00e9! De l'UNICEF", 
            "language": "fr"
        }
    }, 
    {
        "pk": 127, 
        "model": "poll.translation", 
        "fields": {
            "field": "Welcome to Ureport Burundi, where you can SHARE and RECEIVE information about what is happening in your community. It\u2019s FREE!", 
            "value": "Kaze muri Ureport/Burundi, aho ushobora gutanga no kuronka inkuru ku bibera mu karere uherereyemwo, Ni KU BUNTU!", 
            "language": "ki"
        }
    }, 
    {
        "pk": 128, 
        "model": "poll.translation", 
        "fields": {
            "field": "Do you belong to a volunteer organization? Please type \u2018YES\u2019 or \u2018NO\u2019 and the name of the organization ONLY.", 
            "value": "Woba uri umunywanyi mw'ishirahamwe ry'abitanga? Ishura EGO canke OYA hamwe n'izina ry'iryo Shirahamwe GUSA.", 
            "language": "ki"
        }
    }, 
    {
        "pk": 129, 
        "model": "poll.translation", 
        "fields": {
            "field": "Tell us where you'll be reporting from so we can work together to try resolve issues of your community! Reply with the name of your province ONLY.", 
            "value": "Tubwire akarere utangiramwo inkuru, bidufashe gukorera hamwe gutorera inyishu ingorane zo mu karere kanyu! Ishura izina ry'intara yawe GUSA", 
            "language": "ki"
        }
    }, 
    {
        "pk": 130, 
        "model": "poll.translation", 
        "fields": {
            "field": "From which colline will you be reporting? Please respond ONLY with the name of your colline.", 
            "value": "Ni uwuhe mutumba utangiramwo inkuru? Ishura izina ry'umutumba wawe GUSA.", 
            "language": "ki"
        }
    }, 
    {
        "pk": 131, 
        "model": "poll.translation", 
        "fields": {
            "field": "UReport is a FREE text messaging service sponsored by UNICEF and other partners.", 
            "value": "Ureport Ni uburyo bwo kurungika ubutumwa ku buntu, bifashijwe n'intererano ya UNICEF n'ayandi mashiramwe.", 
            "language": "ki"
        }
    }, 
    {
        "pk": 132, 
        "model": "poll.translation", 
        "fields": {
            "field": "What is your name or nickname? User profiles help us make sense of the data that we receive.  Your name will not be revealed without your permission.", 
            "value": "Tanga izina ryawe, ibikuranga bifasha guha insiguro inkuru turonse. Izina ryawe ntituritanga utaduhaye uruhusha kandi ushobora gutanga amatazirano", 
            "language": "ki"
        }
    }, 
    {
        "pk": 133, 
        "model": "poll.translation", 
        "fields": {
            "field": "What is your age?", 
            "value": "Ufise imyaka ingahe?", 
            "language": "ki"
        }
    }, 
    {
        "pk": 134, 
        "model": "poll.translation", 
        "fields": {
            "field": "Are you male or female? Type F for 'female' and M for 'male'", 
            "value": "Woba uri uw'igitsina Gore canke igitsina Gabo? Andika Go ari igitsina Gore Na Ga ari igitsina Gabo.", 
            "language": "ki"
        }
    }, 
    {
        "pk": 135, 
        "model": "poll.translation", 
        "fields": {
            "field": "CONGRATULATIONS!! You are now  registered as a UReporter! Make a real difference with Ureport Burundi, Speak up and be heard! From UNICEF", 
            "value": "MURAKOZE!! Ubu uri umunywanyi WA Ureport. Gira ico uhinduye c'ukuri hamwe Na UReport Burundi. Vuga hama wumvirizwe! Kubwa UNICEF.", 
            "language": "ki"
        }
    },
    {
        "pk": "autoreg_en", 
        "model": "script.script", 
        "fields": {
            "enabled": true, 
            "name": "Ureport autoreg en script", 
            "sites": [
                1
            ]
        }
    }, 
    {
        "pk": "autoreg_fr", 
        "model": "script.script", 
        "fields": {
            "enabled": true, 
            "name": "Ureport autoreg fr script", 
            "sites": [
                1
            ]
        }
    }, 
    {
        "pk": "autoreg_ki", 
        "model": "script.script", 
        "fields": {
            "enabled": true, 
            "name": "Ureport autoreg ki script", 
            "sites": [
                1
            ]
        }
    }, 
    {
        "pk": 716, 
        "model": "script.scriptstep", 
        "fields": {
            "script": "autoreg_en", 
            "retry_offset": 3600, 
            "rule": "M", 
            "email": null, 
            "num_tries": 3, 
            "start_offset": 0, 
            "message": "", 
            "poll": 560, 
            "order": 6, 
            "giveup_offset": 3600
        }
    }, 
    {
        "pk": 717, 
        "model": "script.scriptstep", 
        "fields": {
            "script": "autoreg_en", 
            "retry_offset": 0, 
            "rule": "w", 
            "email": null, 
            "num_tries": 0, 
            "start_offset": 0, 
            "message": "", 
            "poll": 561, 
            "order": 7, 
            "giveup_offset": 3600
        }
    }, 
    {
        "pk": 718, 
        "model": "script.scriptstep", 
        "fields": {
            "script": "autoreg_en", 
            "retry_offset": 0, 
            "rule": "w", 
            "email": null, 
            "num_tries": 0, 
            "start_offset": 0, 
            "message": "CONGRATULATIONS!! You are now  registered as a UReporter! Make a real difference with Ureport Burundi, Speak up and be heard! From UNICEF", 
            "poll": null, 
            "order": 8, 
            "giveup_offset": 0
        }
    }, 
    {
        "pk": 719, 
        "model": "script.scriptstep", 
        "fields": {
            "script": "autoreg_fr", 
            "retry_offset": 3600, 
            "rule": "M", 
            "email": null, 
            "num_tries": 3, 
            "start_offset": 0, 
            "message": "", 
            "poll": 560, 
            "order": 6, 
            "giveup_offset": 3600
        }
    }, 
    {
        "pk": 720, 
        "model": "script.scriptstep", 
        "fields": {
            "script": "autoreg_fr", 
            "retry_offset": 0, 
            "rule": "w", 
            "email": null, 
            "num_tries": 0, 
            "start_offset": 0, 
            "message": "", 
            "poll": 561, 
            "order": 7, 
            "giveup_offset": 3600
        }
    }, 
    {
        "pk": 721, 
        "model": "script.scriptstep", 
        "fields": {
            "script": "autoreg_fr", 
            "retry_offset": 0, 
            "rule": "w", 
            "email": null, 
            "num_tries": 0, 
            "start_offset": 0, 
            "message": "CONGRATULATIONS!! You are now  registered as a UReporter! Make a real difference with Ureport Burundi, Speak up and be heard! From UNICEF", 
            "poll": null, 
            "order": 8, 
            "giveup_offset": 0
        }
    }, 
    {
        "pk": 722, 
        "model": "script.scriptstep", 
        "fields": {
            "script": "autoreg_fr", 
            "retry_offset": 0, 
            "rule": "w", 
            "email": null, 
            "num_tries": 0, 
            "start_offset": 0, 
            "message": "Welcome to Ureport Burundi, where you can SHARE and RECEIVE information about what is happening in your community. It\u2019s FREE!", 
            "poll": null, 
            "order": 0, 
            "giveup_offset": 60
        }
    }, 
    {
        "pk": 723, 
        "model": "script.scriptstep", 
        "fields": {
            "script": "autoreg_fr", 
            "retry_offset": 0, 
            "rule": "w", 
            "email": null, 
            "num_tries": 0, 
            "start_offset": 0, 
            "message": "", 
            "poll": 556, 
            "order": 1, 
            "giveup_offset": 3600
        }
    }, 
    {
        "pk": 724, 
        "model": "script.scriptstep", 
        "fields": {
            "script": "autoreg_fr", 
            "retry_offset": 3600, 
            "rule": "M", 
            "email": null, 
            "num_tries": 3, 
            "start_offset": 0, 
            "message": "", 
            "poll": 557, 
            "order": 2, 
            "giveup_offset": 3600
        }
    }, 
    {
        "pk": 725, 
        "model": "script.scriptstep", 
        "fields": {
            "script": "autoreg_fr", 
            "retry_offset": 0, 
            "rule": "w", 
            "email": null, 
            "num_tries": 0, 
            "start_offset": 0, 
            "message": "", 
            "poll": 558, 
            "order": 3, 
            "giveup_offset": 3600
        }
    }, 
    {
        "pk": 726, 
        "model": "script.scriptstep", 
        "fields": {
            "script": "autoreg_fr", 
            "retry_offset": 0, 
            "rule": "w", 
            "email": null, 
            "num_tries": 0, 
            "start_offset": 0, 
            "message": "UReport is a FREE text messaging service sponsored by UNICEF and other partners.", 
            "poll": null, 
            "order": 4, 
            "giveup_offset": 60
        }
    }, 
    {
        "pk": 727, 
        "model": "script.scriptstep", 
        "fields": {
            "script": "autoreg_fr", 
            "retry_offset": 0, 
            "rule": "w", 
            "email": null, 
            "num_tries": 0, 
            "start_offset": 0, 
            "message": "", 
            "poll": 559, 
            "order": 5, 
            "giveup_offset": 3600
        }
    }, 
    {
        "pk": 728, 
        "model": "script.scriptstep", 
        "fields": {
            "script": "autoreg_ki", 
            "retry_offset": 3600, 
            "rule": "M", 
            "email": null, 
            "num_tries": 3, 
            "start_offset": 0, 
            "message": "", 
            "poll": 560, 
            "order": 6, 
            "giveup_offset": 3600
        }
    }, 
    {
        "pk": 729, 
        "model": "script.scriptstep", 
        "fields": {
            "script": "autoreg_ki", 
            "retry_offset": 0, 
            "rule": "w", 
            "email": null, 
            "num_tries": 0, 
            "start_offset": 0, 
            "message": "", 
            "poll": 561, 
            "order": 7, 
            "giveup_offset": 3600
        }
    }, 
    {
        "pk": 730, 
        "model": "script.scriptstep", 
        "fields": {
            "script": "autoreg_ki", 
            "retry_offset": 0, 
            "rule": "w", 
            "email": null, 
            "num_tries": 0, 
            "start_offset": 0, 
            "message": "CONGRATULATIONS!! You are now  registered as a UReporter! Make a real difference with Ureport Burundi, Speak up and be heard! From UNICEF", 
            "poll": null, 
            "order": 8, 
            "giveup_offset": 0
        }
    }, 
    {
        "pk": 710, 
        "model": "script.scriptstep", 
        "fields": {
            "script": "autoreg_en", 
            "retry_offset": 0, 
            "rule": "w", 
            "email": null, 
            "num_tries": 0, 
            "start_offset": 0, 
            "message": "Welcome to Ureport Burundi, where you can SHARE and RECEIVE information about what is happening in your community. It\u2019s FREE!", 
            "poll": null, 
            "order": 0, 
            "giveup_offset": 60
        }
    }, 
    {
        "pk": 711, 
        "model": "script.scriptstep", 
        "fields": {
            "script": "autoreg_en", 
            "retry_offset": 0, 
            "rule": "w", 
            "email": null, 
            "num_tries": 0, 
            "start_offset": 0, 
            "message": "", 
            "poll": 556, 
            "order": 1, 
            "giveup_offset": 3600
        }
    }, 
    {
        "pk": 712, 
        "model": "script.scriptstep", 
        "fields": {
            "script": "autoreg_en", 
            "retry_offset": 3600, 
            "rule": "M", 
            "email": null, 
            "num_tries": 3, 
            "start_offset": 0, 
            "message": "", 
            "poll": 557, 
            "order": 2, 
            "giveup_offset": 3600
        }
    }, 
    {
        "pk": 713, 
        "model": "script.scriptstep", 
        "fields": {
            "script": "autoreg_en", 
            "retry_offset": 0, 
            "rule": "w", 
            "email": null, 
            "num_tries": 0, 
            "start_offset": 0, 
            "message": "", 
            "poll": 558, 
            "order": 3, 
            "giveup_offset": 3600
        }
    }, 
    {
        "pk": 714, 
        "model": "script.scriptstep", 
        "fields": {
            "script": "autoreg_en", 
            "retry_offset": 0, 
            "rule": "w", 
            "email": null, 
            "num_tries": 0, 
            "start_offset": 0, 
            "message": "UReport is a FREE text messaging service sponsored by UNICEF and other partners.", 
            "poll": null, 
            "order": 4, 
            "giveup_offset": 60
        }
    }, 
    {
        "pk": 715, 
        "model": "script.scriptstep", 
        "fields": {
            "script": "autoreg_en", 
            "retry_offset": 0, 
            "rule": "w", 
            "email": null, 
            "num_tries": 0, 
            "start_offset": 0, 
            "message": "", 
            "poll": 559, 
            "order": 5, 
            "giveup_offset": 3600
        }
    }, 
    {
        "pk": 731, 
        "model": "script.scriptstep", 
        "fields": {
            "script": "autoreg_ki", 
            "retry_offset": 0, 
            "rule": "w", 
            "email": null, 
            "num_tries": 0, 
            "start_offset": 0, 
            "message": "Welcome to Ureport Burundi, where you can SHARE and RECEIVE information about what is happening in your community. It\u2019s FREE!", 
            "poll": null, 
            "order": 0, 
            "giveup_offset": 60
        }
    }, 
    {
        "pk": 732, 
        "model": "script.scriptstep", 
        "fields": {
            "script": "autoreg_ki", 
            "retry_offset": 0, 
            "rule": "w", 
            "email": null, 
            "num_tries": 0, 
            "start_offset": 0, 
            "message": "", 
            "poll": 556, 
            "order": 1, 
            "giveup_offset": 3600
        }
    }, 
    {
        "pk": 733, 
        "model": "script.scriptstep", 
        "fields": {
            "script": "autoreg_ki", 
            "retry_offset": 3600, 
            "rule": "M", 
            "email": null, 
            "num_tries": 3, 
            "start_offset": 0, 
            "message": "", 
            "poll": 557, 
            "order": 2, 
            "giveup_offset": 3600
        }
    }, 
    {
        "pk": 734, 
        "model": "script.scriptstep", 
        "fields": {
            "script": "autoreg_ki", 
            "retry_offset": 0, 
            "rule": "w", 
            "email": null, 
            "num_tries": 0, 
            "start_offset": 0, 
            "message": "", 
            "poll": 558, 
            "order": 3, 
            "giveup_offset": 3600
        }
    }, 
    {
        "pk": 735, 
        "model": "script.scriptstep", 
        "fields": {
            "script": "autoreg_ki", 
            "retry_offset": 0, 
            "rule": "w", 
            "email": null, 
            "num_tries": 0, 
            "start_offset": 0, 
            "message": "UReport is a FREE text messaging service sponsored by UNICEF and other partners.", 
            "poll": null, 
            "order": 4, 
            "giveup_offset": 60
        }
    }, 
    {
        "pk": 736, 
        "model": "script.scriptstep", 
        "fields": {
            "script": "autoreg_ki", 
            "retry_offset": 0, 
            "rule": "w", 
            "email": null, 
            "num_tries": 0, 
            "start_offset": 0, 
            "message": "", 
            "poll": 559, 
            "order": 5, 
            "giveup_offset": 3600
        }
    }
]